{
  "accuracy": 0.9722318639361333,
  "campaign_groups": 4942,
  "f1": 0.7484276729559748,
  "false_negative": 66,
  "false_positive": 14,
  "false_positive_cost": 16.0,
  "false_positive_rate": 0.0051928783382789315,
  "fraudulent": 866,
  "minimum_recall": 0.5,
  "model_adjusted_fer_at_k": 0.0,
  "model_sha256": "eb378657c533cac191444a8ce39ba5951d5700f73e55b2a26c6ea85a299cfdba",
  "precision": 0.8947368421052632,
  "recall": 0.6432432432432432,
  "records": 17880,
  "regularization_c": 0.25,
  "split_strategy": "group",
  "test_records": 2881,
  "threshold": 0.3015,
  "train_records": 13440,
  "train_test_group_overlap": 0,
  "true_negative": 2682,
  "true_positive": 119,
  "unmitigated_fer_at_k": 0.02,
  "validation_records": 1559
}
