{
  "accuracy": 0.9885346756152126,
  "f1": 0.8768768768768769,
  "false_negative": 27,
  "false_positive": 14,
  "false_positive_rate": 0.004114017043784896,
  "fraudulent": 866,
  "model_adjusted_fer_at_k": 0.0,
  "model_sha256": "8ff36d02fbf599f627fd07fba3e0ede7af855fd6f46e96c4e10453eb00c44afe",
  "precision": 0.9125,
  "recall": 0.8439306358381503,
  "records": 17880,
  "test_records": 3576,
  "threshold": 0.6484,
  "train_records": 12516,
  "true_negative": 3389,
  "true_positive": 146,
  "unmitigated_fer_at_k": 0.04,
  "validation_records": 1788
}
