{
  "accuracy": 0.9742371185592796,
  "campaign_groups": 4935,
  "f1": 0.711484593837535,
  "false_negative": 27,
  "false_positive": 76,
  "false_positive_rate": 0.019771071800208116,
  "fraudulent": 866,
  "model_adjusted_fer_at_k": 0.0,
  "model_sha256": "c6db3bb23cde12c4eeb8388c122b6296b2d11d9c3693af099340c43d1a79abf4",
  "precision": 0.625615763546798,
  "recall": 0.8246753246753247,
  "records": 17880,
  "regularization_c": 4.0,
  "split_strategy": "group",
  "test_records": 3998,
  "threshold": 0.3385,
  "train_records": 12199,
  "train_test_group_overlap": 0,
  "true_negative": 3768,
  "true_positive": 127,
  "unmitigated_fer_at_k": 0.02,
  "validation_records": 1683
}
