{
  "accuracy": 0.97084345713294,
  "campaign_groups": 4942,
  "f1": 0.7391304347826086,
  "false_negative": 66,
  "false_positive": 18,
  "false_positive_cost": 4.0,
  "false_positive_rate": 0.0066765578635014835,
  "fraudulent": 866,
  "minimum_recall": 0.7,
  "model_adjusted_fer_at_k": 0.0,
  "model_sha256": "afcfa4821ce3025d9b758a150b47f7d969d50a0f0a78a89c5eab441169a1bcfd",
  "precision": 0.8686131386861314,
  "recall": 0.6432432432432432,
  "records": 17880,
  "regularization_c": 0.25,
  "split_strategy": "group",
  "test_records": 2881,
  "threshold": 0.4661,
  "train_records": 13440,
  "train_test_group_overlap": 0,
  "true_negative": 2678,
  "true_positive": 119,
  "unmitigated_fer_at_k": 0.02,
  "validation_records": 1559
}
