{
  "accuracy": 0.97084345713294,
  "campaign_groups": 4942,
  "f1": 0.7290322580645161,
  "false_negative": 72,
  "false_positive": 12,
  "false_positive_cost": 64.0,
  "false_positive_rate": 0.004451038575667656,
  "fraudulent": 866,
  "minimum_recall": 0.5,
  "model_adjusted_fer_at_k": 0.0,
  "model_sha256": "87dfd27100eb96b9b71d05625fe2575bb656f7329e2a510d9aaf2de664d3fe3f",
  "precision": 0.904,
  "recall": 0.6108108108108108,
  "records": 17880,
  "regularization_c": 0.25,
  "split_strategy": "group",
  "test_records": 2881,
  "threshold": 0.1948,
  "train_records": 13440,
  "train_test_group_overlap": 0,
  "true_negative": 2684,
  "true_positive": 113,
  "unmitigated_fer_at_k": 0.02,
  "validation_records": 1559
}
