{
  "cascade": {
    "accuracy": 0.9605704697986577,
    "f1": 0.3121951219512195,
    "falseNegative": 141,
    "falsePositive": 0,
    "falsePositiveRate": 0.0,
    "precision": 1.0,
    "recall": 0.18497109826589594,
    "trueNegative": 3403,
    "truePositive": 32
  },
  "externalEvidenceTestRecords": 18,
  "records": 17880,
  "sieveRecallTarget": 0.965,
  "sieveThreshold": 0.379691,
  "testRecords": 3576,
  "trainRecords": 12516,
  "validationRecords": 1788,
  "verifierThreshold": 0.788734
}
