{
  "benchmark": "pii-span-detection",
  "detector": "heuristic-static+embedding-classifier",
  "classifierConfigured": true,
  "records": 1000,
  "allGroundTruthEntities": 8168,
  "supportedGroundTruthEntities": 8168,
  "labelCoverage": 1,
  "exactSpanMetricsOnSupportedLabels": {
    "truePositive": 4567,
    "falsePositive": 1540,
    "falseNegative": 3601,
    "precision": 0.7478303586048797,
    "recall": 0.5591332027424094,
    "f1": 0.6398598949211909
  },
  "perLabel": {
    "GENERIC_SECRET": {
      "truePositive": 3270,
      "falsePositive": 725,
      "falseNegative": 2201,
      "precision": 0.818523153942428,
      "recall": 0.5976969475415829,
      "f1": 0.690893724910205
    },
    "PERSON_NAME": {
      "truePositive": 206,
      "falsePositive": 698,
      "falseNegative": 1204,
      "precision": 0.22787610619469026,
      "recall": 0.14609929078014183,
      "f1": 0.1780466724286949
    },
    "API_KEY": {
      "truePositive": 30,
      "falsePositive": 5,
      "falseNegative": 10,
      "precision": 0.8571428571428571,
      "recall": 0.75,
      "f1": 0.7999999999999999
    },
    "EMAIL": {
      "truePositive": 487,
      "falsePositive": 2,
      "falseNegative": 6,
      "precision": 0.9959100204498977,
      "recall": 0.9878296146044625,
      "f1": 0.9918533604887985
    },
    "CREDIT_CARD": {
      "truePositive": 118,
      "falsePositive": 9,
      "falseNegative": 20,
      "precision": 0.9291338582677166,
      "recall": 0.855072463768116,
      "f1": 0.8905660377358491
    },
    "PASSWORD": {
      "truePositive": 61,
      "falsePositive": 23,
      "falseNegative": 65,
      "precision": 0.7261904761904762,
      "recall": 0.48412698412698413,
      "f1": 0.5809523809523809
    },
    "PHONE": {
      "truePositive": 274,
      "falsePositive": 21,
      "falseNegative": 12,
      "precision": 0.9288135593220339,
      "recall": 0.958041958041958,
      "f1": 0.9432013769363167
    },
    "SSN": {
      "truePositive": 72,
      "falsePositive": 7,
      "falseNegative": 1,
      "precision": 0.9113924050632911,
      "recall": 0.9863013698630136,
      "f1": 0.9473684210526315
    },
    "IP_ADDRESS": {
      "truePositive": 49,
      "falsePositive": 41,
      "falseNegative": 32,
      "precision": 0.5444444444444444,
      "recall": 0.6049382716049383,
      "f1": 0.5730994152046783
    },
    "ACCESS_TOKEN": {
      "truePositive": 0,
      "falsePositive": 9,
      "falseNegative": 50,
      "precision": 0,
      "recall": 0,
      "f1": 0
    }
  },
  "unsupportedGroundTruthByLabel": {}
}
