{
  "accuracy": 0.9652898299201667,
  "campaign_groups": 4942,
  "f1": 0.696969696969697,
  "false_negative": 70,
  "false_positive": 30,
  "false_positive_cost": 1.0,
  "false_positive_rate": 0.01112759643916914,
  "fraudulent": 866,
  "minimum_recall": 0.7,
  "model_adjusted_fer_at_k": 0.0,
  "model_sha256": "6d2bb4df2115e0c8fa9e727ad2c390b1f2398a146136efb9bd00031f0e0668f6",
  "precision": 0.7931034482758621,
  "recall": 0.6216216216216216,
  "records": 17880,
  "regularization_c": 0.25,
  "split_strategy": "group",
  "test_records": 2881,
  "threshold": 0.6713,
  "train_records": 13440,
  "train_test_group_overlap": 0,
  "true_negative": 2666,
  "true_positive": 115,
  "unmitigated_fer_at_k": 0.02,
  "validation_records": 1559
}
