{
  "corpora": 15,
  "passed": 5,
  "failed": 10,
  "modelSha256": "c9e6888213773172ff6127d1165146f02cb03d079d8011b6e20429e0d9bcec02",
  "minimum": 0.95,
  "maximumFpr": 0.05,
  "pooledMetrics": {
    "samples": 21485,
    "truePositive": 6708,
    "trueNegative": 13879,
    "falsePositive": 332,
    "falseNegative": 566,
    "accuracy": 0.958203397719339,
    "precision": 0.9528409090909091,
    "recall": 0.9221886169920264,
    "f1": 0.9372642168506358,
    "falsePositiveRate": 0.023362184223488847
  },
  "results": [
    {
      "name": "wambosec",
      "dataset": "wambosec/prompt-injections",
      "revision": "071ee17a60112b7f9f808398156b430aadfaf1d2",
      "license": "MIT",
      "policy": "direct",
      "trainingRecords": 5189,
      "testRecords": 577,
      "testPositive": 346,
      "testNegative": 231,
      "fixture": ".benchmark-data\\injection-matrix-policy\\wambosec-test.jsonl",
      "repetitions": 1,
      "stable": true,
      "passed": true,
      "metrics": {
        "samples": 577,
        "truePositive": 341,
        "trueNegative": 231,
        "falsePositive": 0,
        "falseNegative": 5,
        "accuracy": 0.9913344887348353,
        "precision": 1,
        "recall": 0.9855491329479769,
        "f1": 0.992721979621543,
        "falsePositiveRate": 0
      },
      "accuracy95ConfidenceInterval": {
        "lower": 0.9798768942368904,
        "upper": 0.996293093957828
      }
    },
    {
      "name": "deepset",
      "dataset": "deepset/prompt-injections",
      "revision": "4f61ecb038e9c3fb77e21034b22511b523772cdd",
      "license": "Apache-2.0",
      "policy": "indirect",
      "trainingRecords": 530,
      "testRecords": 116,
      "testPositive": 60,
      "testNegative": 56,
      "fixture": ".benchmark-data\\injection-matrix-policy\\deepset-test.jsonl",
      "repetitions": 1,
      "stable": true,
      "passed": false,
      "metrics": {
        "samples": 116,
        "truePositive": 36,
        "trueNegative": 56,
        "falsePositive": 0,
        "falseNegative": 24,
        "accuracy": 0.7931034482758621,
        "precision": 1,
        "recall": 0.6,
        "f1": 0.7499999999999999,
        "falsePositiveRate": 0
      },
      "accuracy95ConfidenceInterval": {
        "lower": 0.7105774078005253,
        "upper": 0.8568389159755486
      }
    },
    {
      "name": "shomi28",
      "dataset": "Shomi28/prompt-injection-dataset",
      "revision": "0146454c8404a347ccc170a0291bcec932252fef",
      "license": "MIT",
      "policy": "direct",
      "trainingRecords": 1151,
      "testRecords": 128,
      "testPositive": 60,
      "testNegative": 68,
      "fixture": ".benchmark-data\\injection-matrix-policy\\shomi28-test.jsonl",
      "repetitions": 1,
      "stable": true,
      "passed": true,
      "metrics": {
        "samples": 128,
        "truePositive": 60,
        "trueNegative": 68,
        "falsePositive": 0,
        "falseNegative": 0,
        "accuracy": 1,
        "precision": 1,
        "recall": 1,
        "f1": 1,
        "falsePositiveRate": 0
      },
      "accuracy95ConfidenceInterval": {
        "lower": 0.9708630437264916,
        "upper": 1
      }
    },
    {
      "name": "jackhhao",
      "dataset": "jackhhao/jailbreak-classification",
      "revision": "2f2ceeb39658696fd3f462403562b6eea5306287",
      "license": "Apache-2.0",
      "policy": "direct",
      "trainingRecords": 1018,
      "testRecords": 262,
      "testPositive": 139,
      "testNegative": 123,
      "fixture": ".benchmark-data\\injection-matrix-policy\\jackhhao-test.jsonl",
      "repetitions": 1,
      "stable": true,
      "passed": false,
      "metrics": {
        "samples": 262,
        "truePositive": 132,
        "trueNegative": 115,
        "falsePositive": 8,
        "falseNegative": 7,
        "accuracy": 0.9427480916030534,
        "precision": 0.9428571428571428,
        "recall": 0.9496402877697842,
        "f1": 0.9462365591397849,
        "falsePositiveRate": 0.06504065040650407
      },
      "accuracy95ConfidenceInterval": {
        "lower": 0.9076995049250769,
        "upper": 0.9650010927513764
      }
    },
    {
      "name": "cgoosen_guard",
      "dataset": "cgoosen/llm_guard_dataset",
      "revision": "b18903ecf0bd6e95ef6f1cdfb691dae7df2851e4",
      "license": "Apache-2.0",
      "policy": "direct",
      "trainingRecords": 18024,
      "testRecords": 4691,
      "testPositive": 254,
      "testNegative": 4437,
      "fixture": ".benchmark-data\\injection-matrix-policy\\cgoosen_guard-test.jsonl",
      "repetitions": 1,
      "stable": true,
      "passed": false,
      "metrics": {
        "samples": 4691,
        "truePositive": 228,
        "trueNegative": 4415,
        "falsePositive": 22,
        "falseNegative": 26,
        "accuracy": 0.9897676401620124,
        "precision": 0.912,
        "recall": 0.8976377952755905,
        "f1": 0.9047619047619047,
        "falsePositiveRate": 0.004958305161144917
      },
      "accuracy95ConfidenceInterval": {
        "lower": 0.9864604659195154,
        "upper": 0.9922733295246072
      }
    },
    {
      "name": "neuralchemy",
      "dataset": "neuralchemy/Prompt-injection-dataset",
      "revision": "7d70432dfcf47a821612cbf9d34e9d9e3ad20e75",
      "license": "Apache-2.0",
      "policy": "direct",
      "trainingRecords": 5288,
      "testRecords": 942,
      "testPositive": 552,
      "testNegative": 390,
      "fixture": ".benchmark-data\\injection-matrix-policy\\neuralchemy-test.jsonl",
      "repetitions": 1,
      "stable": true,
      "passed": true,
      "metrics": {
        "samples": 942,
        "truePositive": 526,
        "trueNegative": 371,
        "falsePositive": 19,
        "falseNegative": 26,
        "accuracy": 0.9522292993630573,
        "precision": 0.9651376146788991,
        "recall": 0.9528985507246377,
        "f1": 0.95897903372835,
        "falsePositiveRate": 0.04871794871794872
      },
      "accuracy95ConfidenceInterval": {
        "lower": 0.9366768503107106,
        "upper": 0.9641083627442357
      }
    },
    {
      "name": "wambosec_subtle",
      "dataset": "wambosec/prompt-injections-subtle",
      "revision": "cd789a6e362aa72624d7f835c5270c8c3bdaf524",
      "license": "MIT",
      "policy": "direct",
      "trainingRecords": 839,
      "testRecords": 94,
      "testPositive": 70,
      "testNegative": 24,
      "fixture": ".benchmark-data\\injection-matrix-policy\\wambosec_subtle-test.jsonl",
      "repetitions": 1,
      "stable": true,
      "passed": true,
      "metrics": {
        "samples": 94,
        "truePositive": 69,
        "trueNegative": 24,
        "falsePositive": 0,
        "falseNegative": 1,
        "accuracy": 0.9893617021276596,
        "precision": 1,
        "recall": 0.9857142857142858,
        "f1": 0.9928057553956835,
        "falsePositiveRate": 0
      },
      "accuracy95ConfidenceInterval": {
        "lower": 0.9421770870372144,
        "upper": 0.998119604251912
      }
    },
    {
      "name": "jcanode",
      "dataset": "jcanode/safeguard-prompt-injection",
      "revision": "61fbe3588450fa9b47ac1176ca7b5d2cc932344c",
      "license": "Apache-2.0",
      "policy": "direct",
      "trainingRecords": 102931,
      "testRecords": 5425,
      "testPositive": 1072,
      "testNegative": 4353,
      "fixture": ".benchmark-data\\injection-matrix-policy\\jcanode-test.jsonl",
      "repetitions": 1,
      "stable": true,
      "passed": false,
      "metrics": {
        "samples": 5425,
        "truePositive": 1063,
        "trueNegative": 4227,
        "falsePositive": 126,
        "falseNegative": 9,
        "accuracy": 0.9751152073732718,
        "precision": 0.8940285954583683,
        "recall": 0.9916044776119403,
        "f1": 0.9402919062361786,
        "falsePositiveRate": 0.028945554789800137
      },
      "accuracy95ConfidenceInterval": {
        "lower": 0.9706216878180812,