{
  "accuracy": 0.9888143176733781,
  "f1": 0.8823529411764706,
  "false_negative": 23,
  "false_positive": 17,
  "false_positive_rate": 0.004995592124595945,
  "fraudulent": 866,
  "model_adjusted_fer_at_k": 0.0,
  "model_sha256": "d57506de2667aaadda0397c5c6b11b3f8b40790b7d1cf0b2335397ab09a3a428",
  "precision": 0.8982035928143712,
  "recall": 0.8670520231213873,
  "records": 17880,
  "test_records": 3576,
  "threshold": 0.5977,
  "train_records": 12516,
  "true_negative": 3386,
  "true_positive": 150,
  "unmitigated_fer_at_k": 0.04,
  "validation_records": 1788
}
