{
  "accuracy": 0.9580006942034016,
  "campaign_groups": 4942,
  "f1": 0.6720867208672087,
  "false_negative": 61,
  "false_positive": 60,
  "false_positive_cost": 2.0,
  "false_positive_rate": 0.02225519287833828,
  "fraudulent": 866,
  "minimum_recall": 0.8,
  "model_adjusted_fer_at_k": 0.0,
  "model_sha256": "bb2023a031c50451ddd90b1c5ed5b149467e3b60ce702a06c00c9e2e1340bac8",
  "precision": 0.6739130434782609,
  "recall": 0.6702702702702703,
  "records": 17880,
  "regularization_c": 0.25,
  "split_strategy": "group",
  "test_records": 2881,
  "threshold": 0.4435,
  "train_records": 13440,
  "train_test_group_overlap": 0,
  "true_negative": 2636,
  "true_positive": 124,
  "unmitigated_fer_at_k": 0.02,
  "validation_records": 1559
}
