{
  "accuracy": 0.988255033557047,
  "base_model": "microsoft/deberta-v3-small",
  "f1": 0.8764705882352941,
  "false_negative": 24,
  "false_positive": 18,
  "false_positive_rate": 0.005289450484866294,
  "fraudulent": 866,
  "model_sha256": "7efde753d36d7d4469b6e5d4a0835199ea969061042652dd31eccf8c5067d81f",
  "positive_class_weight": 19.653465346534652,
  "precision": 0.8922155688622755,
  "recall": 0.861271676300578,
  "records": 17880,
  "test_records": 3576,
  "threshold": 0.9998,
  "train_records": 12516,
  "true_negative": 3385,
  "true_positive": 149,
  "validation_records": 1788
}
