{
  "corpora": 15,
  "passed": 3,
  "failed": 12,
  "modelSha256": "e75b413651fcb95761e3d303975d66db75525ca521e64ebf8f252680aa65bc13",
  "minimum": 0.95,
  "maximumFpr": 0.05,
  "pooledMetrics": {
    "samples": 21485,
    "truePositive": 6129,
    "trueNegative": 9159,
    "falsePositive": 5052,
    "falseNegative": 1145,
    "accuracy": 0.7115662089830114,
    "precision": 0.5481620606385833,
    "recall": 0.8425900467418201,
    "f1": 0.6642102411270658,
    "falsePositiveRate": 0.35549926113573993
  },
  "results": [
    {
      "name": "wambosec",
      "dataset": "wambosec/prompt-injections",
      "revision": "071ee17a60112b7f9f808398156b430aadfaf1d2",
      "license": "MIT",
      "trainingRecords": 5189,
      "testRecords": 577,
      "testPositive": 346,
      "testNegative": 231,
      "fixture": ".benchmark-data\\injection-matrix\\wambosec-test.jsonl",
      "repetitions": 3,
      "stable": true,
      "passed": true,
      "metrics": {
        "samples": 577,
        "truePositive": 343,
        "trueNegative": 231,
        "falsePositive": 0,
        "falseNegative": 3,
        "accuracy": 0.9948006932409013,
        "precision": 1,
        "recall": 0.9913294797687862,
        "f1": 0.9956458635703919,
        "falsePositiveRate": 0
      },
      "accuracy95ConfidenceInterval": {
        "lower": 0.9848263249969004,
        "upper": 0.9982302239610966
      }
    },
    {
      "name": "deepset",
      "dataset": "deepset/prompt-injections",
      "revision": "4f61ecb038e9c3fb77e21034b22511b523772cdd",
      "license": "Apache-2.0",
      "trainingRecords": 530,
      "testRecords": 116,
      "testPositive": 60,
      "testNegative": 56,
      "fixture": ".benchmark-data\\injection-matrix\\deepset-test.jsonl",
      "repetitions": 3,
      "stable": true,
      "passed": false,
      "metrics": {
        "samples": 116,
        "truePositive": 45,
        "trueNegative": 55,
        "falsePositive": 1,
        "falseNegative": 15,
        "accuracy": 0.8620689655172413,
        "precision": 0.9782608695652174,
        "recall": 0.75,
        "f1": 0.849056603773585,
        "falsePositiveRate": 0.017857142857142856
      },
      "accuracy95ConfidenceInterval": {
        "lower": 0.787644450634584,
        "upper": 0.913281596382919
      }
    },
    {
      "name": "shomi28",
      "dataset": "Shomi28/prompt-injection-dataset",
      "revision": "0146454c8404a347ccc170a0291bcec932252fef",
      "license": "MIT",
      "trainingRecords": 1023,
      "testRecords": 128,
      "testPositive": 60,
      "testNegative": 68,
      "fixture": ".benchmark-data\\injection-matrix\\shomi28-test.jsonl",
      "repetitions": 3,
      "stable": true,
      "passed": true,
      "metrics": {
        "samples": 128,
        "truePositive": 60,
        "trueNegative": 66,
        "falsePositive": 2,
        "falseNegative": 0,
        "accuracy": 0.984375,
        "precision": 0.967741935483871,
        "recall": 1,
        "f1": 0.9836065573770492,
        "falsePositiveRate": 0.029411764705882353
      },
      "accuracy95ConfidenceInterval": {
        "lower": 0.9448190233201829,
        "upper": 0.9957045502898559
      }
    },
    {
      "name": "jackhhao",
      "dataset": "jackhhao/jailbreak-classification",
      "revision": "2f2ceeb39658696fd3f462403562b6eea5306287",
      "license": "Apache-2.0",
      "trainingRecords": 1018,
      "testRecords": 262,
      "testPositive": 139,
      "testNegative": 123,
      "fixture": ".benchmark-data\\injection-matrix\\jackhhao-test.jsonl",
      "repetitions": 3,
      "stable": true,
      "passed": false,
      "metrics": {
        "samples": 262,
        "truePositive": 139,
        "trueNegative": 44,
        "falsePositive": 79,
        "falseNegative": 0,
        "accuracy": 0.6984732824427481,
        "precision": 0.6376146788990825,
        "recall": 1,
        "f1": 0.7787114845938375,
        "falsePositiveRate": 0.6422764227642277
      },
      "accuracy95ConfidenceInterval": {
        "lower": 0.6403644207978733,
        "upper": 0.7508461919536403
      }
    },
    {
      "name": "cgoosen_guard",
      "dataset": "cgoosen/llm_guard_dataset",
      "revision": "b18903ecf0bd6e95ef6f1cdfb691dae7df2851e4",
      "license": "Apache-2.0",
      "trainingRecords": 18024,
      "testRecords": 4691,
      "testPositive": 254,
      "testNegative": 4437,
      "fixture": ".benchmark-data\\injection-matrix\\cgoosen_guard-test.jsonl",
      "repetitions": 3,
      "stable": true,
      "passed": false,
      "metrics": {
        "samples": 4691,
        "truePositive": 195,
        "trueNegative": 2727,
        "falsePositive": 1710,
        "falseNegative": 59,
        "accuracy": 0.6228949051374973,
        "precision": 0.10236220472440945,
        "recall": 0.7677165354330708,
        "f1": 0.18063918480778138,
        "falsePositiveRate": 0.385395537525355
      },
      "accuracy95ConfidenceInterval": {
        "lower": 0.6089303779603565,
        "upper": 0.6366583197865583
      }
    },
    {
      "name": "neuralchemy",
      "dataset": "neuralchemy/Prompt-injection-dataset",
      "revision": "7d70432dfcf47a821612cbf9d34e9d9e3ad20e75",
      "license": "Apache-2.0",
      "trainingRecords": 4356,
      "testRecords": 942,
      "testPositive": 552,
      "testNegative": 390,
      "fixture": ".benchmark-data\\injection-matrix\\neuralchemy-test.jsonl",
      "repetitions": 3,
      "stable": true,
      "passed": false,
      "metrics": {
        "samples": 942,
        "truePositive": 451,
        "trueNegative": 339,
        "falsePositive": 51,
        "falseNegative": 101,
        "accuracy": 0.8386411889596603,
        "precision": 0.898406374501992,
        "recall": 0.8170289855072463,
        "f1": 0.855787476280835,
        "falsePositiveRate": 0.13076923076923078
      },
      "accuracy95ConfidenceInterval": {
        "lower": 0.8137819666381635,
        "upper": 0.8607496835133105
      }
    },
    {
      "name": "wambosec_subtle",
      "dataset": "wambosec/prompt-injections-subtle",
      "revision": "cd789a6e362aa72624d7f835c5270c8c3bdaf524",
      "license": "MIT",
      "trainingRecords": 839,
      "testRecords": 94,
      "testPositive": 70,
      "testNegative": 24,
      "fixture": ".benchmark-data\\injection-matrix\\wambosec_subtle-test.jsonl",
      "repetitions": 3,
      "stable": true,
      "passed": true,
      "metrics": {
        "samples": 94,
        "truePositive": 69,
        "trueNegative": 23,
        "falsePositive": 1,
        "falseNegative": 1,
        "accuracy": 0.9787234042553191,
        "precision": 0.9857142857142858,
        "recall": 0.9857142857142858,
        "f1": 0.9857142857142858,
        "falsePositiveRate": 0.041666666666666664
      },
      "accuracy95ConfidenceInterval": {
        "lower": 0.9257097951089703,
        "upper": 0.9941456637608272
      }
    },
    {
      "name": "jcanode",
      "dataset": "jcanode/safeguard-prompt-injection",
      "revision": "61fbe3588450fa9b47ac1176ca7b5d2cc932344c",
      "license": "Apache-2.0",
      "trainingRecords": 97543,
      "testRecords": 5425,
      "testPositive": 1072,
      "testNegative": 4353,
      "fixture": ".benchmark-data\\injection-matrix\\jcanode-test.jsonl",
      "repetitions": 3,
      "stable": true,
      "passed": false,
      "metrics": {
        "samples": 5425,
        "truePositive": 1016,
        "trueNegative": 3097,
        "falsePositive": 1256,
        "falseNegative": 56,
        "accuracy": 0.7581566820276497,
        "precision": 0.4471830985915493,
        "recall": 0.9477611940298507,
        "f1": 0.6076555023923444,
        "falsePositiveRate": 0.2885366413967379
      },
      "accuracy95ConfidenceInterval": {
        "lower": 0.7465820909862664,
        "upper": 0.7693659287240864
      }
    },
    {
      "name": "rikka_multilingual",
      "dataset": "rikka-snow/prompt-injection-multilingual",