{
  "accuracy": 0.97084345713294,
  "campaign_groups": 4942,
  "f1": 0.732484076433121,
  "false_negative": 70,
  "false_positive": 14,
  "false_positive_cost": 8.0,
  "false_positive_rate": 0.0051928783382789315,
  "fraudulent": 866,
  "minimum_recall": 0.5,
  "model_adjusted_fer_at_k": 0.0,
  "model_sha256": "dc56a4a9224dcc6ffa6db71ff7bd353d73887eae9f22dabe4dfc8ba0e852a7e3",
  "precision": 0.8914728682170543,
  "recall": 0.6216216216216216,
  "records": 17880,
  "regularization_c": 0.25,
  "split_strategy": "group",
  "test_records": 2881,
  "threshold": 0.4034,
  "train_records": 13440,
  "train_test_group_overlap": 0,
  "true_negative": 2682,
  "true_positive": 115,
  "unmitigated_fer_at_k": 0.02,
  "validation_records": 1559
}
