{
  "accuracy": 0.9725789656369316,
  "campaign_groups": 4942,
  "f1": 0.750788643533123,
  "false_negative": 66,
  "false_positive": 13,
  "false_positive_cost": 32.0,
  "false_positive_rate": 0.004821958456973294,
  "fraudulent": 866,
  "minimum_recall": 0.5,
  "model_adjusted_fer_at_k": 0.0,
  "model_sha256": "8b5a81fdcf2b0dfb66f14b47d704412ba112cd5d7c74da1b26c381a6226c39f7",
  "precision": 0.9015151515151515,
  "recall": 0.6432432432432432,
  "records": 17880,
  "regularization_c": 0.25,
  "split_strategy": "group",
  "test_records": 2881,
  "threshold": 0.2209,
  "train_records": 13440,
  "train_test_group_overlap": 0,
  "true_negative": 2683,
  "true_positive": 119,
  "unmitigated_fer_at_k": 0.02,
  "validation_records": 1559
}
