{
  "best_fpr_constrained_strategy": {
    "accuracy": 0.9893736017897091,
    "f1": 0.8848484848484849,
    "false_negative": 27,
    "false_positive": 11,
    "false_positive_rate": 0.0032324419629738465,
    "precision": 0.9299363057324841,
    "recall": 0.8439306358381503,
    "strategy": "weighted_score_fpr_constrained",
    "threshold": 0.6925,
    "true_negative": 3392,
    "true_positive": 146,
    "weight": 1.0
  },
  "best_strategy": {
    "accuracy": 0.9893736017897091,
    "f1": 0.8848484848484849,
    "false_negative": 27,
    "false_positive": 11,
    "false_positive_rate": 0.0032324419629738465,
    "precision": 0.9299363057324841,
    "recall": 0.8439306358381503,
    "strategy": "weighted_score_fpr_constrained",
    "threshold": 0.6925,
    "true_negative": 3392,
    "true_positive": 146,
    "weight": 1.0
  },
  "records": 17880,
  "strategies": [
    {
      "accuracy": 0.9893736017897091,
      "f1": 0.8848484848484849,
      "false_negative": 27,
      "false_positive": 11,
      "false_positive_rate": 0.0032324419629738465,
      "precision": 0.9299363057324841,
      "recall": 0.8439306358381503,
      "strategy": "weighted_score_fpr_constrained",
      "threshold": 0.6925,
      "true_negative": 3392,
      "true_positive": 146,
      "weight": 1.0
    },
    {
      "accuracy": 0.9888143176733781,
      "f1": 0.884393063583815,
      "false_negative": 20,
      "false_positive": 20,
      "false_positive_rate": 0.0058771672054069935,
      "precision": 0.884393063583815,
      "recall": 0.884393063583815,
      "strategy": "weighted_score",
      "threshold": 0.5574,
      "true_negative": 3383,
      "true_positive": 153,
      "weight": 0.85
    },
    {
      "accuracy": 0.988255033557047,
      "f1": 0.8806818181818182,
      "false_negative": 18,
      "false_positive": 24,
      "false_positive_rate": 0.007052600646488392,
      "precision": 0.8659217877094972,
      "recall": 0.8959537572254336,
      "strategy": "threshold_or",
      "threshold": 0.5,
      "true_negative": 3379,
      "true_positive": 155,
      "weight": null
    },
    {
      "accuracy": 0.9885346756152126,
      "f1": 0.8790560471976401,
      "false_negative": 24,
      "false_positive": 17,
      "false_positive_rate": 0.004995592124595945,
      "precision": 0.8975903614457831,
      "recall": 0.861271676300578,
      "strategy": "tfidf",
      "threshold": 0.6256,
      "true_negative": 3386,
      "true_positive": 149,
      "weight": null
    },
    {
      "accuracy": 0.9862975391498882,
      "f1": 0.8650137741046832,
      "false_negative": 16,
      "false_positive": 33,
      "false_positive_rate": 0.00969732588892154,
      "precision": 0.8263157894736842,
      "recall": 0.9075144508670521,
      "strategy": "max_score",
      "threshold": 0.6256,
      "true_negative": 3370,
      "true_positive": 157,
      "weight": null
    },
    {
      "accuracy": 0.985178970917226,
      "f1": 0.8348909657320872,
      "false_negative": 39,
      "false_positive": 14,
      "false_positive_rate": 0.004114017043784896,
      "precision": 0.9054054054054054,
      "recall": 0.7745664739884393,
      "strategy": "transformer",
      "threshold": 0.9989,
      "true_negative": 3389,
      "true_positive": 134,
      "weight": null
    }
  ],
  "test_records": 3576,
  "train_records": 12516,
  "transformer_model": ".benchmark-data\\emscad-deberta-weighted-v112",
  "validation_max_fpr": 0.003526300323244196,
  "validation_records": 1788
}
