{
  "accuracy": 0.9684137452273516,
  "campaign_groups": 4942,
  "f1": 0.723404255319149,
  "false_negative": 66,
  "false_positive": 25,
  "false_positive_cost": 2.0,
  "false_positive_rate": 0.009272997032640949,
  "fraudulent": 866,
  "minimum_recall": 0.7,
  "model_adjusted_fer_at_k": 0.0,
  "model_sha256": "70ddbde8c81a81a1bb474b4418c4c1bac78e6fdf452b44bd8c761010ec0681da",
  "precision": 0.8263888888888888,
  "recall": 0.6432432432432432,
  "records": 17880,
  "regularization_c": 0.25,
  "split_strategy": "group",
  "test_records": 2881,
  "threshold": 0.5516,
  "train_records": 13440,
  "train_test_group_overlap": 0,
  "true_negative": 2671,
  "true_positive": 119,
  "unmitigated_fer_at_k": 0.02,
  "validation_records": 1559
}
